{"cameraMode":{"drawMode":0,"name":"Shaded","section":"Shading Mode"},"sceneLighting":true,"audioPlay":false,"sceneViewState":{"m_AlwaysRefresh":false,"showFog":true,"showSkybox":true,"showFlares":true,"showImageEffects":true,"showParticleSystems":true,"showVisualEffectGraphs":true,"m_FxEnabled":true},"in2DMode":false,"pivot":{"x":0.4287460148334503,"y":0.13740801811218263,"z":1.8990850448608399},"rotation":{"x":0.19812661409378053,"y":0.05876675248146057,"z":-0.01190098188817501,"w":0.978346049785614},"size":0.90739506483078,"orthographic":false}